file,p_gain_mult,z_mean,z_min,max_abs_roll,max_abs_pitch,stable
run_p05.csv,0.5,0.5558752847959598,0.0997372642159462,0.0,0.0,1
run_p10.csv,1.0,0.745407260855039,0.0997372642159462,0.0,0.0,1
run_p15.csv,1.5,0.8070017177611589,0.0997372642159462,0.0,0.0,1
run_p20.csv,2.0,0.8371456314871708,0.0997372642159462,0.0,0.0,1
